"","year","sector","lifetime_probability"
"1",1,"tran",0
"2",1,"mach",0
"3",1,"pack",1
"4",1,"heal",1
"5",1,"buil",0
"6",1,"elec",0
"7",1,"hous",0.000636
"8",1,"comm",0.000636
"9",1,"agri",0.109
"10",1,"text",4.76e-08
"11",1,"othe",4.76e-08
"12",2,"tran",0
"13",2,"mach",0
"14",2,"pack",0.00016
"15",2,"heal",0.00016
"16",2,"buil",0
"17",2,"elec",1.82e-08
"18",2,"hous",0.138
"19",2,"comm",0.138
"20",2,"agri",0.484
"21",2,"text",0.00147
"22",2,"othe",0.00147
"23",3,"tran",1.28e-10
"24",3,"mach",1.28e-10
"25",3,"pack",6.28e-13
"26",3,"heal",6.28e-13
"27",3,"buil",0
"28",3,"elec",5.66e-05
"29",3,"hous",0.426
"30",3,"comm",0.426
"31",3,"agri",0.27
"32",3,"text",0.0541
"33",3,"othe",0.0541
"34",4,"tran",2.09e-07
"35",4,"mach",2.09e-07
"36",4,"pack",0
"37",4,"heal",0
"38",4,"buil",0
"39",4,"elec",0.00349
"40",4,"hous",0.288
"41",4,"comm",0.288
"42",4,"agri",0.0926
"43",4,"text",0.214
"44",4,"othe",0.214
"45",5,"tran",2.22e-05
"46",5,"mach",2.22e-05
"47",5,"pack",0
"48",5,"heal",0
"49",5,"buil",0
"50",5,"elec",0.0335
"51",5,"hous",0.106
"52",5,"comm",0.106
"53",5,"agri",0.0295
"54",5,"text",0.289
"55",5,"othe",0.289
"56",6,"tran",0.000496
"57",6,"mach",0.000496
"58",6,"pack",0
"59",6,"heal",0
"60",6,"buil",0
"61",6,"elec",0.111
"62",6,"hous",0.0305
"63",6,"comm",0.0305
"64",6,"agri",0.00958
"65",6,"text",0.22
"66",6,"othe",0.22
"67",7,"tran",0.00409
"68",7,"mach",0.00409
"69",7,"pack",0
"70",7,"heal",0
"71",7,"buil",0
"72",7,"elec",0.19
"73",7,"hous",0.00801
"74",7,"comm",0.00801
"75",7,"agri",0.00327
"76",7,"text",0.123
"77",7,"othe",0.123
"78",8,"tran",0.0172
"79",8,"mach",0.0172
"80",8,"pack",0
"81",8,"heal",0
"82",8,"buil",9.66e-14
"83",8,"elec",0.211
"84",8,"hous",0.00205
"85",8,"comm",0.00205
"86",8,"agri",0.00118
"87",8,"text",0.0578
"88",8,"othe",0.0578
"89",9,"tran",0.0449
"90",9,"mach",0.0449
"91",9,"pack",0
"92",9,"heal",0
"93",9,"buil",6.86e-12
"94",9,"elec",0.177
"95",9,"hous",0.000531
"96",9,"comm",0.000531
"97",9,"agri",0.000447
"98",9,"text",0.0244
"99",9,"othe",0.0244
"100",10,"tran",0.0829
"101",10,"mach",0.0829
"102",10,"pack",0
"103",10,"heal",0
"104",10,"buil",2.31e-10
"105",10,"elec",0.122
"106",10,"hous",0.000141
"107",10,"comm",0.000141
"108",10,"agri",0.000178
"109",10,"text",0.00974
"110",10,"othe",0.00974
"111",11,"tran",0.118
"112",11,"mach",0.118
"113",11,"pack",0
"114",11,"heal",0
"115",11,"buil",4.35e-09
"116",11,"elec",0.0733
"117",11,"hous",3.85e-05
"118",11,"comm",3.85e-05
"119",11,"agri",7.43e-05
"120",11,"text",0.00376
"121",11,"othe",0.00376
"122",12,"tran",0.138
"123",12,"mach",0.138
"124",12,"pack",0
"125",12,"heal",0
"126",12,"buil",5.14e-08
"127",12,"elec",0.0399
"128",12,"hous",1.09e-05
"129",12,"comm",1.09e-05
"130",12,"agri",3.23e-05
"131",12,"text",0.00143
"132",12,"othe",0.00143
"133",13,"tran",0.139
"134",13,"mach",0.139
"135",13,"pack",0
"136",13,"heal",0
"137",13,"buil",4.19e-07
"138",13,"elec",0.0203
"139",13,"hous",3.21e-06
"140",13,"comm",3.21e-06
"141",13,"agri",1.46e-05
"142",13,"text",0.000542
"143",13,"othe",0.000542
"144",14,"tran",0.124
"145",14,"mach",0.124
"146",14,"pack",0
"147",14,"heal",0
"148",14,"buil",2.51e-06
"149",14,"elec",0.0098
"150",14,"hous",9.76e-07
"151",14,"comm",9.76e-07
"152",14,"agri",6.79e-06
"153",14,"text",0.000206
"154",14,"othe",0.000206
"155",15,"tran",0.101
"156",15,"mach",0.101
"157",15,"pack",0
"158",15,"heal",0
"159",15,"buil",1.16e-05
"160",15,"elec",0.00457
"161",15,"hous",3.08e-07
"162",15,"comm",3.08e-07
"163",15,"agri",3.26e-06
"164",15,"text",7.87e-05
"165",15,"othe",7.87e-05
"166",16,"tran",0.0764
"167",16,"mach",0.0764
"168",16,"pack",0
"169",16,"heal",0
"170",16,"buil",4.36e-05
"171",16,"elec",0.00207
"172",16,"hous",1e-07
"173",16,"comm",1e-07
"174",16,"agri",1.62e-06
"175",16,"text",3.04e-05
"176",16,"othe",3.04e-05
"177",17,"tran",0.0543
"178",17,"mach",0.0543
"179",17,"pack",0
"180",17,"heal",0
"181",17,"buil",0.000136
"182",17,"elec",0.000925
"183",17,"hous",3.37e-08
"184",17,"comm",3.37e-08
"185",17,"agri",8.2e-07
"186",17,"text",1.19e-05
"187",17,"othe",1.19e-05
"188",18,"tran",0.0368
"189",18,"mach",0.0368
"190",18,"pack",0
"191",18,"heal",0
"192",18,"buil",0.000365
"193",18,"elec",0.000408
"194",18,"hous",1.17e-08
"195",18,"comm",1.17e-08
"196",18,"agri",4.26e-07
"197",18,"text",4.72e-06
"198",18,"othe",4.72e-06
"199",19,"tran",0.0239
"200",19,"mach",0.0239
"201",19,"pack",0
"202",19,"heal",0
"203",19,"buil",0.000855
"204",19,"elec",0.000179
"205",19,"hous",4.17e-09
"206",19,"comm",4.17e-09
"207",19,"agri",2.27e-07
"208",19,"text",1.9e-06
"209",19,"othe",1.9e-06
"210",20,"tran",0.0151
"211",20,"mach",0.0151
"212",20,"pack",0
"213",20,"heal",0
"214",20,"buil",0.00178
"215",20,"elec",7.79e-05
"216",20,"hous",1.53e-09
"217",20,"comm",1.53e-09
"218",20,"agri",1.23e-07
"219",20,"text",7.76e-07
"220",20,"othe",7.76e-07
"221",21,"tran",0.00924
"222",21,"mach",0.00924
"223",21,"pack",0
"224",21,"heal",0
"225",21,"buil",0.00336
"226",21,"elec",3.4e-05
"227",21,"hous",5.75e-10
"228",21,"comm",5.75e-10
"229",21,"agri",6.81e-08
"230",21,"text",3.22e-07
"231",21,"othe",3.22e-07
"232",22,"tran",0.00555
"233",22,"mach",0.00555
"234",22,"pack",0
"235",22,"heal",0
"236",22,"buil",0.00581
"237",22,"elec",1.48e-05
"238",22,"hous",2.22e-10
"239",22,"comm",2.22e-10
"240",22,"agri",3.84e-08
"241",22,"text",1.35e-07
"242",22,"othe",1.35e-07
"243",23,"tran",0.00327
"244",23,"mach",0.00327
"245",23,"pack",0
"246",23,"heal",0
"247",23,"buil",0.00927
"248",23,"elec",6.48e-06
"249",23,"hous",8.76e-11
"250",23,"comm",8.76e-11
"251",23,"agri",2.2e-08
"252",23,"text",5.79e-08
"253",23,"othe",5.79e-08
"254",24,"tran",0.0019
"255",24,"mach",0.0019
"256",24,"pack",0
"257",24,"heal",0
"258",24,"buil",0.0138
"259",24,"elec",2.85e-06
"260",24,"hous",3.53e-11
"261",24,"comm",3.53e-11
"262",24,"agri",1.28e-08
"263",24,"text",2.51e-08
"264",24,"othe",2.51e-08
"265",25,"tran",0.00109
"266",25,"mach",0.00109
"267",25,"pack",0
"268",25,"heal",0
"269",25,"buil",0.0194
"270",25,"elec",1.26e-06
"271",25,"hous",1.46e-11
"272",25,"comm",1.46e-11
"273",25,"agri",7.54e-09
"274",25,"text",1.1e-08
"275",25,"othe",1.1e-08
"276",26,"tran",0.000622
"277",26,"mach",0.000622
"278",26,"pack",0
"279",26,"heal",0
"280",26,"buil",0.0257
"281",26,"elec",5.58e-07
"282",26,"hous",6.12e-12
"283",26,"comm",6.12e-12
"284",26,"agri",4.51e-09
"285",26,"text",4.91e-09
"286",26,"othe",4.91e-09
"287",27,"tran",0.000351
"288",27,"mach",0.000351
"289",27,"pack",0
"290",27,"heal",0
"291",27,"buil",0.0324
"292",27,"elec",2.49e-07
"293",27,"hous",2.62e-12
"294",27,"comm",2.62e-12
"295",27,"agri",2.74e-09
"296",27,"text",2.22e-09
"297",27,"othe",2.22e-09
"298",28,"tran",0.000197
"299",28,"mach",0.000197
"300",28,"pack",0
"301",28,"heal",0
"302",28,"buil",0.0392
"303",28,"elec",1.12e-07
"304",28,"hous",1.15e-12
"305",28,"comm",1.15e-12
"306",28,"agri",1.68e-09
"307",28,"text",1.02e-09
"308",28,"othe",1.02e-09
"309",29,"tran",0.00011
"310",29,"mach",0.00011
"311",29,"pack",0
"312",29,"heal",0
"313",29,"buil",0.0455
"314",29,"elec",5.08e-08
"315",29,"hous",5.09e-13
"316",29,"comm",5.09e-13
"317",29,"agri",1.04e-09
"318",29,"text",4.72e-10
"319",29,"othe",4.72e-10
"320",30,"tran",6.15e-05
"321",30,"mach",6.15e-05
"322",30,"pack",0
"323",30,"heal",0
"324",30,"buil",0.0509
"325",30,"elec",2.32e-08
"326",30,"hous",2.3e-13
"327",30,"comm",2.3e-13
"328",30,"agri",6.55e-10
"329",30,"text",2.21e-10
"330",30,"othe",2.21e-10
"331",31,"tran",3.42e-05
"332",31,"mach",3.42e-05
"333",31,"pack",0
"334",31,"heal",0
"335",31,"buil",0.0552
"336",31,"elec",1.06e-08
"337",31,"hous",1.05e-13
"338",31,"comm",1.05e-13
"339",31,"agri",4.15e-10
"340",31,"text",1.05e-10
"341",31,"othe",1.05e-10
"342",32,"tran",1.9e-05
"343",32,"mach",1.9e-05
"344",32,"pack",0
"345",32,"heal",0
"346",32,"buil",0.0582
"347",32,"elec",4.93e-09
"348",32,"hous",4.9e-14
"349",32,"comm",4.9e-14
"350",32,"agri",2.66e-10
"351",32,"text",5.06e-11
"352",32,"othe",5.06e-11
"353",33,"tran",1.05e-05
"354",33,"mach",1.05e-05
"355",33,"pack",0
"356",33,"heal",0
"357",33,"buil",0.0596
"358",33,"elec",2.3e-09
"359",33,"hous",2.3e-14
"360",33,"comm",2.3e-14
"361",33,"agri",1.72e-10
"362",33,"text",2.46e-11
"363",33,"othe",2.46e-11
"364",34,"tran",5.84e-06
"365",34,"mach",5.84e-06
"366",34,"pack",0
"367",34,"heal",0
"368",34,"buil",0.0596
"369",34,"elec",1.08e-09
"370",34,"hous",1.09e-14
"371",34,"comm",1.09e-14
"372",34,"agri",1.12e-10
"373",34,"text",1.21e-11
"374",34,"othe",1.21e-11
"375",35,"tran",3.24e-06
"376",35,"mach",3.24e-06
"377",35,"pack",0
"378",35,"heal",0
"379",35,"buil",0.0583
"380",35,"elec",5.13e-10
"381",35,"hous",5.77e-15
"382",35,"comm",5.77e-15
"383",35,"agri",7.4e-11
"384",35,"text",6.02e-12
"385",35,"othe",6.02e-12
"386",36,"tran",1.8e-06
"387",36,"mach",1.8e-06
"388",36,"pack",0
"389",36,"heal",0
"390",36,"buil",0.0559
"391",36,"elec",2.45e-10
"392",36,"hous",2.22e-15
"393",36,"comm",2.22e-15
"394",36,"agri",4.92e-11
"395",36,"text",3.02e-12
"396",36,"othe",3.02e-12
"397",37,"tran",1e-06
"398",37,"mach",1e-06
"399",37,"pack",0
"400",37,"heal",0
"401",37,"buil",0.0526
"402",37,"elec",1.18e-10
"403",37,"hous",1.55e-15
"404",37,"comm",1.55e-15
"405",37,"agri",3.29e-11
"406",37,"text",1.53e-12
"407",37,"othe",1.53e-12
"408",38,"tran",5.57e-07
"409",38,"mach",5.57e-07
"410",38,"pack",0
"411",38,"heal",0
"412",38,"buil",0.0486
"413",38,"elec",5.72e-11
"414",38,"hous",1.33e-15
"415",38,"comm",1.33e-15
"416",38,"agri",2.22e-11
"417",38,"text",7.85e-13
"418",38,"othe",7.85e-13
"419",39,"tran",3.11e-07
"420",39,"mach",3.11e-07
"421",39,"pack",0
"422",39,"heal",0
"423",39,"buil",0.0442
"424",39,"elec",2.79e-11
"425",39,"hous",2.22e-16
"426",39,"comm",2.22e-16
"427",39,"agri",1.51e-11
"428",39,"text",4.06e-13
"429",39,"othe",4.06e-13
"430",40,"tran",1.74e-07
"431",40,"mach",1.74e-07
"432",40,"pack",0
"433",40,"heal",0
"434",40,"buil",0.0396
"435",40,"elec",1.38e-11
"436",40,"hous",0
"437",40,"comm",0
"438",40,"agri",1.03e-11
"439",40,"text",2.13e-13
"440",40,"othe",2.13e-13
"441",41,"tran",9.73e-08
"442",41,"mach",9.73e-08
"443",41,"pack",0
"444",41,"heal",0
"445",41,"buil",0.0351
"446",41,"elec",6.82e-12
"447",41,"hous",0
"448",41,"comm",0
"449",41,"agri",7.09e-12
"450",41,"text",1.12e-13
"451",41,"othe",1.12e-13
"452",42,"tran",5.47e-08
"453",42,"mach",5.47e-08
"454",42,"pack",0
"455",42,"heal",0
"456",42,"buil",0.0307
"457",42,"elec",3.41e-12
"458",42,"hous",0
"459",42,"comm",0
"460",42,"agri",4.91e-12
"461",42,"text",5.87e-14
"462",42,"othe",5.87e-14
"463",43,"tran",3.08e-08
"464",43,"mach",3.08e-08
"465",43,"pack",0
"466",43,"heal",0
"467",43,"buil",0.0265
"468",43,"elec",1.71e-12
"469",43,"hous",0
"470",43,"comm",0
"471",43,"agri",3.42e-12
"472",43,"text",3.2e-14
"473",43,"othe",3.2e-14
"474",44,"tran",1.74e-08
"475",44,"mach",1.74e-08
"476",44,"pack",0
"477",44,"heal",0
"478",44,"buil",0.0226
"479",44,"elec",8.67e-13
"480",44,"hous",0
"481",44,"comm",0
"482",44,"agri",2.4e-12
"483",44,"text",1.71e-14
"484",44,"othe",1.71e-14
"485",45,"tran",9.85e-09
"486",45,"mach",9.85e-09
"487",45,"pack",0
"488",45,"heal",0
"489",45,"buil",0.0192
"490",45,"elec",4.43e-13
"491",45,"hous",0
"492",45,"comm",0
"493",45,"agri",1.69e-12
"494",45,"text",9.55e-15
"495",45,"othe",9.55e-15
"496",46,"tran",5.6e-09
"497",46,"mach",5.6e-09
"498",46,"pack",0
"499",46,"heal",0
"500",46,"buil",0.0161
"501",46,"elec",2.26e-13
"502",46,"hous",0
"503",46,"comm",0
"504",46,"agri",1.2e-12
"505",46,"text",5.11e-15
"506",46,"othe",5.11e-15
"507",47,"tran",3.19e-09
"508",47,"mach",3.19e-09
"509",47,"pack",0
"510",47,"heal",0
"511",47,"buil",0.0134
"512",47,"elec",1.17e-13
"513",47,"hous",0
"514",47,"comm",0
"515",47,"agri",8.56e-13
"516",47,"text",3.33e-15
"517",47,"othe",3.33e-15
"518",48,"tran",1.82e-09
"519",48,"mach",1.82e-09
"520",48,"pack",0
"521",48,"heal",0
"522",48,"buil",0.011
"523",48,"elec",6.07e-14
"524",48,"hous",0
"525",48,"comm",0
"526",48,"agri",6.15e-13
"527",48,"text",8.88e-16
"528",48,"othe",8.88e-16
"529",49,"tran",1.05e-09
"530",49,"mach",1.05e-09
"531",49,"pack",0
"532",49,"heal",0
"533",49,"buil",0.00905
"534",49,"elec",3.2e-14
"535",49,"hous",0
"536",49,"comm",0
"537",49,"agri",4.41e-13
"538",49,"text",1.11e-15
"539",49,"othe",1.11e-15
"540",50,"tran",6.02e-10
"541",50,"mach",6.02e-10
"542",50,"pack",0
"543",50,"heal",0
"544",50,"buil",0.00737
"545",50,"elec",1.67e-14
"546",50,"hous",0
"547",50,"comm",0
"548",50,"agri",3.2e-13
"549",50,"text",4.44e-16
"550",50,"othe",4.44e-16
"551",51,"tran",3.48e-10
"552",51,"mach",3.48e-10
"553",51,"pack",0
"554",51,"heal",0
"555",51,"buil",0.00597
"556",51,"elec",9.44e-15
"557",51,"hous",0
"558",51,"comm",0
"559",51,"agri",2.32e-13
"560",51,"text",8.88e-16
"561",51,"othe",8.88e-16
"562",52,"tran",2.01e-10
"563",52,"mach",2.01e-10
"564",52,"pack",0
"565",52,"heal",0
"566",52,"buil",0.0048
"567",52,"elec",4.77e-15
"568",52,"hous",0
"569",52,"comm",0
"570",52,"agri",1.7e-13
"571",52,"text",0
"572",52,"othe",0
"573",53,"tran",1.17e-10
"574",53,"mach",1.17e-10
"575",53,"pack",0
"576",53,"heal",0
"577",53,"buil",0.00384
"578",53,"elec",2.33e-15
"579",53,"hous",0
"580",53,"comm",0
"581",53,"agri",1.25e-13
"582",53,"text",0
"583",53,"othe",0
"584",54,"tran",6.82e-11
"585",54,"mach",6.82e-11
"586",54,"pack",0
"587",54,"heal",0
"588",54,"buil",0.00306
"589",54,"elec",1.11e-15
"590",54,"hous",0
"591",54,"comm",0
"592",54,"agri",9.16e-14
"593",54,"text",0
"594",54,"othe",0
"595",55,"tran",3.99e-11
"596",55,"mach",3.99e-11
"597",55,"pack",0
"598",55,"heal",0
"599",55,"buil",0.00242
"600",55,"elec",8.88e-16
"601",55,"hous",0
"602",55,"comm",0
"603",55,"agri",6.83e-14
"604",55,"text",0
"605",55,"othe",0
"606",56,"tran",2.34e-11
"607",56,"mach",2.34e-11
"608",56,"pack",0
"609",56,"heal",0
"610",56,"buil",0.00191
"611",56,"elec",1.11e-15
"612",56,"hous",0
"613",56,"comm",0
"614",56,"agri",5.06e-14
"615",56,"text",0
"616",56,"othe",0
"617",57,"tran",1.38e-11
"618",57,"mach",1.38e-11
"619",57,"pack",0
"620",57,"heal",0
"621",57,"buil",0.0015
"622",57,"elec",0
"623",57,"hous",0
"624",57,"comm",0
"625",57,"agri",3.71e-14
"626",57,"text",0
"627",57,"othe",0
"628",58,"tran",8.15e-12
"629",58,"mach",8.15e-12
"630",58,"pack",0
"631",58,"heal",0
"632",58,"buil",0.00118
"633",58,"elec",0
"634",58,"hous",0
"635",58,"comm",0
"636",58,"agri",2.82e-14
"637",58,"text",0
"638",58,"othe",0
"639",59,"tran",4.83e-12
"640",59,"mach",4.83e-12
"641",59,"pack",0
"642",59,"heal",0
"643",59,"buil",0.000919
"644",59,"elec",0
"645",59,"hous",0
"646",59,"comm",0
"647",59,"agri",2.14e-14
"648",59,"text",0
"649",59,"othe",0
"650",60,"tran",2.87e-12
"651",60,"mach",2.87e-12
"652",60,"pack",0
"653",60,"heal",0
"654",60,"buil",0.000715
"655",60,"elec",0
"656",60,"hous",0
"657",60,"comm",0
"658",60,"agri",1.59e-14
"659",60,"text",0
"660",60,"othe",0
"661",61,"tran",1.71e-12
"662",61,"mach",1.71e-12
"663",61,"pack",0
"664",61,"heal",0
"665",61,"buil",0.000555
"666",61,"elec",0
"667",61,"hous",0
"668",61,"comm",0
"669",61,"agri",1.19e-14
"670",61,"text",0
"671",61,"othe",0
"672",62,"tran",1.03e-12
"673",62,"mach",1.03e-12
"674",62,"pack",0
"675",62,"heal",0
"676",62,"buil",0.000429
"677",62,"elec",0
"678",62,"hous",0
"679",62,"comm",0
"680",62,"agri",9.66e-15
"681",62,"text",0
"682",62,"othe",0
"683",63,"tran",6.16e-13
"684",63,"mach",6.16e-13
"685",63,"pack",0
"686",63,"heal",0
"687",63,"buil",0.000331
"688",63,"elec",0
"689",63,"hous",0
"690",63,"comm",0
"691",63,"agri",6.55e-15
"692",63,"text",0
"693",63,"othe",0
"694",64,"tran",3.72e-13
"695",64,"mach",3.72e-13
"696",64,"pack",0
"697",64,"heal",0
"698",64,"buil",0.000255
"699",64,"elec",0
"700",64,"hous",0
"701",64,"comm",0
"702",64,"agri",5.88e-15
"703",64,"text",0
"704",64,"othe",0
"705",65,"tran",2.24e-13
"706",65,"mach",2.24e-13
"707",65,"pack",0
"708",65,"heal",0
"709",65,"buil",0.000196
"710",65,"elec",0
"711",65,"hous",0
"712",65,"comm",0
"713",65,"agri",3.77e-15
"714",65,"text",0
"715",65,"othe",0
"716",66,"tran",1.36e-13
"717",66,"mach",1.36e-13
"718",66,"pack",0
"719",66,"heal",0
"720",66,"buil",0.00015
"721",66,"elec",0
"722",66,"hous",0
"723",66,"comm",0
"724",66,"agri",2.44e-15
"725",66,"text",0
"726",66,"othe",0
"727",67,"tran",8.32e-14
"728",67,"mach",8.32e-14
"729",67,"pack",0
"730",67,"heal",0
"731",67,"buil",0.000115
"732",67,"elec",0
"733",67,"hous",0
"734",67,"comm",0
"735",67,"agri",2.66e-15
"736",67,"text",0
"737",67,"othe",0
"738",68,"tran",5e-14
"739",68,"mach",5e-14
"740",68,"pack",0
"741",68,"heal",0
"742",68,"buil",8.77e-05
"743",68,"elec",0
"744",68,"hous",0
"745",68,"comm",0
"746",68,"agri",2.22e-15
"747",68,"text",0
"748",68,"othe",0
"749",69,"tran",3.13e-14
"750",69,"mach",3.13e-14
"751",69,"pack",0
"752",69,"heal",0
"753",69,"buil",6.69e-05
"754",69,"elec",0
"755",69,"hous",0
"756",69,"comm",0
"757",69,"agri",1.33e-15
"758",69,"text",0
"759",69,"othe",0
"760",70,"tran",1.87e-14
"761",70,"mach",1.87e-14
"762",70,"pack",0
"763",70,"heal",0
"764",70,"buil",5.09e-05
"765",70,"elec",0
"766",70,"hous",0
"767",70,"comm",0
"768",70,"agri",9.99e-16
"769",70,"text",0
"770",70,"othe",0
"771",71,"tran",1.22e-14
"772",71,"mach",1.22e-14
"773",71,"pack",0
"774",71,"heal",0
"775",71,"buil",3.87e-05
"776",71,"elec",0
"777",71,"hous",0
"778",71,"comm",0
"779",71,"agri",1.44e-15
"780",71,"text",0
"781",71,"othe",0
"782",72,"tran",6.88e-15
"783",72,"mach",6.88e-15
"784",72,"pack",0
"785",72,"heal",0
"786",72,"buil",2.94e-05
"787",72,"elec",0
"788",72,"hous",0
"789",72,"comm",0
"790",72,"agri",6.66e-16
"791",72,"text",0
"792",72,"othe",0
"793",73,"tran",4.88e-15
"794",73,"mach",4.88e-15
"795",73,"pack",0
"796",73,"heal",0
"797",73,"buil",2.23e-05
"798",73,"elec",0
"799",73,"hous",0
"800",73,"comm",0
"801",73,"agri",0
"802",73,"text",0
"803",73,"othe",0
"804",74,"tran",2.22e-15
"805",74,"mach",2.22e-15
"806",74,"pack",0
"807",74,"heal",0
"808",74,"buil",1.69e-05
"809",74,"elec",0
"810",74,"hous",0
"811",74,"comm",0
"812",74,"agri",4.44e-16
"813",74,"text",0
"814",74,"othe",0
"815",75,"tran",1.78e-15
"816",75,"mach",1.78e-15
"817",75,"pack",0
"818",75,"heal",0
"819",75,"buil",1.28e-05
"820",75,"elec",0
"821",75,"hous",0
"822",75,"comm",0
"823",75,"agri",2.22e-16
"824",75,"text",0
"825",75,"othe",0
"826",76,"tran",8.88e-16
"827",76,"mach",8.88e-16
"828",76,"pack",0
"829",76,"heal",0
"830",76,"buil",9.69e-06
"831",76,"elec",0
"832",76,"hous",0
"833",76,"comm",0
"834",76,"agri",2.22e-16
"835",76,"text",0
"836",76,"othe",0
"837",77,"tran",7.77e-16
"838",77,"mach",7.77e-16
"839",77,"pack",0
"840",77,"heal",0
"841",77,"buil",7.32e-06
"842",77,"elec",0
"843",77,"hous",0
"844",77,"comm",0
"845",77,"agri",8.88e-16
"846",77,"text",0
"847",77,"othe",0
"848",78,"tran",4.44e-16
"849",78,"mach",4.44e-16
"850",78,"pack",0
"851",78,"heal",0
"852",78,"buil",5.53e-06
"853",78,"elec",0
"854",78,"hous",0
"855",78,"comm",0
"856",78,"agri",-2.22e-16
"857",78,"text",0
"858",78,"othe",0
"859",79,"tran",9.99e-16
"860",79,"mach",9.99e-16
"861",79,"pack",0
"862",79,"heal",0
"863",79,"buil",4.18e-06
"864",79,"elec",0
"865",79,"hous",0
"866",79,"comm",0
"867",79,"agri",8.88e-16
"868",79,"text",0
"869",79,"othe",0
"870",80,"tran",0
"871",80,"mach",0
"872",80,"pack",0
"873",80,"heal",0
"874",80,"buil",3.15e-06
"875",80,"elec",0
"876",80,"hous",0
"877",80,"comm",0
"878",80,"agri",0
"879",80,"text",0
"880",80,"othe",0
"881",81,"tran",0
"882",81,"mach",0
"883",81,"pack",0
"884",81,"heal",0
"885",81,"buil",2.38e-06
"886",81,"elec",0
"887",81,"hous",0
"888",81,"comm",0
"889",81,"agri",0
"890",81,"text",0
"891",81,"othe",0
"892",82,"tran",0
"893",82,"mach",0
"894",82,"pack",0
"895",82,"heal",0
"896",82,"buil",1.79e-06
"897",82,"elec",0
"898",82,"hous",0
"899",82,"comm",0
"900",82,"agri",0
"901",82,"text",0
"902",82,"othe",0
"903",83,"tran",0
"904",83,"mach",0
"905",83,"pack",0
"906",83,"heal",0
"907",83,"buil",1.35e-06
"908",83,"elec",0
"909",83,"hous",0
"910",83,"comm",0
"911",83,"agri",0
"912",83,"text",0
"913",83,"othe",0
